{
  "name": "jszip",
  "homepage": "http://stuartk.com/jszip",
  "authors": [
    "Stuart Knightley <stuart@stuartk.com>"
  ],
  "description": "Create, read and edit .zip files with Javascript http://stuartk.com/jszip",
  "main": "dist/jszip.js",
  "keywords": [
    "zip",
    "deflate",
    "inflate"
  ],
  "license": "MIT or GPLv3",
  "ignore": [
    "**/.*",
    "node_modules",
    "bower_components",
    "test",
    "tests"
  ],
  "version": "2.6.0",
  "_release": "2.6.0",
  "_resolution": {
    "type": "version",
    "tag": "v2.6.0",
    "commit": "8f190955e9328b768d7fc4f2770234fd53c407a7"
  },
  "_source": "git://github.com/Stuk/jszip.git",
  "_target": "v2.6.0",
  "_originalSource": "Stuk/jszip"
}